stage_classifiercode,division,division_short_name,hhf,last_changed
03-02,CARRY OPTICS,CO,7.159,2022-03-01 21:39:59.000000 UTC
03-02,PRODUCTION,PROD,7.1283,2019-05-01 09:41:55.000000 UTC
03-02,SINGLE STACK,SS,6.8103,2018-06-28 12:52:49.000000 UTC
03-02,PCC,PCC,8.8537,2022-03-01 21:41:32.000000 UTC
03-02,LIMITED,LTD,8.098,2018-06-28 12:52:49.000000 UTC
03-02,LIMITED 10,L10,8.098,2019-05-01 09:43:26.000000 UTC
03-02,REVOLVER,REV,5.704,2018-06-28 12:52:49.000000 UTC
03-02,OPEN,OPN,8.7316,2018-06-28 12:52:49.000000 UTC
03-03,CARRY OPTICS,CO,8.2842,2022-03-01 21:39:39.000000 UTC
03-03,LIMITED,LTD,8.8509,2018-06-28 12:58:58.000000 UTC
03-03,REVOLVER,REV,5.3679,2019-05-01 09:41:55.000000 UTC
03-03,SINGLE STACK,SS,7.6226,2019-05-01 09:41:55.000000 UTC
03-03,LIMITED 10,L10,8.8509,2019-05-01 09:43:26.000000 UTC
03-03,PRODUCTION,PROD,8.1398,2019-05-01 09:41:55.000000 UTC
03-03,PCC,PCC,8.5864,2019-05-01 09:41:55.000000 UTC
03-03,OPEN,OPN,9.4099,2018-06-28 12:52:49.000000 UTC
03-04,REVOLVER,REV,6.4774,2018-06-28 12:52:49.000000 UTC
03-04,LIMITED 10,L10,10.778,2019-05-01 09:43:26.000000 UTC
03-04,LIMITED,LTD,10.778,2018-07-25 09:12:50.000000 UTC
03-04,OPEN,OPN,11.8391,2018-07-25 09:12:50.000000 UTC
03-04,SINGLE STACK,SS,9.5045,2018-07-25 09:12:50.000000 UTC
03-04,CARRY OPTICS,CO,9.4499,2022-03-01 21:39:50.000000 UTC
03-04,PRODUCTION,PROD,9.341,2019-05-01 09:41:55.000000 UTC
03-04,PCC,PCC,10.4036,2019-05-01 09:41:55.000000 UTC
03-05,SINGLE STACK,SS,10.312,2019-05-01 09:41:55.000000 UTC
03-05,REVOLVER,REV,7.9055,2019-05-01 09:41:55.000000 UTC
03-05,LIMITED 10,L10,10.4977,2019-05-01 09:43:26.000000 UTC
03-05,OPEN,OPN,11.7506,2018-06-28 12:52:49.000000 UTC
03-05,LIMITED,LTD,10.4977,2019-05-01 09:41:55.000000 UTC
03-05,CARRY OPTICS,CO,10.1437,2022-03-01 21:40:06.000000 UTC
03-05,PRODUCTION,PROD,10.1376,2019-05-01 09:41:55.000000 UTC
03-05,PCC,PCC,11.1348,2022-03-01 21:41:41.000000 UTC
03-07,SINGLE STACK,SS,7.5451,2018-06-28 12:52:49.000000 UTC
03-07,LIMITED,LTD,8.0271,2018-06-28 12:52:49.000000 UTC
03-07,OPEN,OPN,8.4324,2018-06-28 12:52:49.000000 UTC
03-07,CARRY OPTICS,CO,7.1572,2019-05-01 09:43:26.000000 UTC
03-07,REVOLVER,REV,5.4718,2019-05-01 09:41:55.000000 UTC
03-07,PRODUCTION,PROD,7.1572,2018-06-28 12:52:49.000000 UTC
03-07,LIMITED 10,L10,8.0271,2019-05-01 09:43:26.000000 UTC
03-07,PCC,PCC,8.9564,2022-03-01 21:40:32.000000 UTC
03-08,LIMITED,LTD,10.55,2018-06-28 12:52:49.000000 UTC
03-08,OPEN,OPN,11.926,2018-06-28 12:52:49.000000 UTC
03-08,PRODUCTION,PROD,9.647,2018-06-28 12:52:49.000000 UTC
03-08,PCC,PCC,10.6643,2022-03-01 21:40:53.000000 UTC
03-08,REVOLVER,REV,6.6786,2018-06-28 12:52:49.000000 UTC
03-08,SINGLE STACK,SS,9.4285,2018-06-28 12:52:49.000000 UTC
03-08,CARRY OPTICS,CO,9.6707,2022-03-01 21:40:03.000000 UTC
03-08,LIMITED 10,L10,10.55,2019-05-01 09:43:26.000000 UTC
03-09,PRODUCTION,PROD,10.906,2018-06-28 12:52:49.000000 UTC
03-09,CARRY OPTICS,CO,11.2743,2022-03-01 21:39:24.000000 UTC
03-09,LIMITED,LTD,11.3955,2018-06-28 12:52:49.000000 UTC
03-09,REVOLVER,REV,7.9866,2019-05-01 09:41:55.000000 UTC
03-09,PCC,PCC,13.4224,2022-03-01 21:40:19.000000 UTC
03-09,LIMITED 10,L10,11.3955,2019-05-01 09:43:26.000000 UTC
03-09,SINGLE STACK,SS,11.028,2018-06-28 12:52:49.000000 UTC
03-09,OPEN,OPN,12.6808,2018-06-28 12:52:49.000000 UTC
03-11,REVOLVER,REV,5.0206,2018-06-28 12:52:49.000000 UTC
03-11,LIMITED,LTD,7.8254,2019-05-01 09:41:55.000000 UTC
03-11,PCC,PCC,9.7843,2022-03-01 21:40:12.000000 UTC
03-11,OPEN,OPN,8.6354,2019-05-01 09:41:55.000000 UTC
03-11,SINGLE STACK,SS,6.7991,2018-06-28 12:52:49.000000 UTC
03-11,PRODUCTION,PROD,6.8525,2018-06-28 12:52:49.000000 UTC
03-11,LIMITED 10,L10,7.8254,2019-05-01 09:43:26.000000 UTC
03-11,CARRY OPTICS,CO,6.8525,2019-05-01 09:43:26.000000 UTC
03-12,LIMITED,LTD,7.3594,2018-06-28 12:52:49.000000 UTC
03-12,REVOLVER,REV,4.9713,2018-06-28 12:52:49.000000 UTC
03-12,SINGLE STACK,SS,6.5347,2018-06-28 12:52:49.000000 UTC
03-12,OPEN,OPN,8.3239,2018-06-28 12:52:49.000000 UTC
03-12,LIMITED 10,L10,7.3594,2019-05-01 09:43:26.000000 UTC
03-12,PRODUCTION,PROD,6.887,2018-06-28 12:52:49.000000 UTC
03-12,PCC,PCC,7.2621,2022-03-01 21:40:40.000000 UTC
03-12,CARRY OPTICS,CO,6.9347,2022-03-01 21:39:57.000000 UTC
03-14,LIMITED,LTD,107,2018-06-28 12:52:49.000000 UTC
03-14,OPEN,OPN,111.4,2018-06-28 12:52:49.000000 UTC
03-14,PCC,PCC,116.2,2019-05-01 09:41:55.000000 UTC
03-14,SINGLE STACK,SS,94.9,2019-05-01 09:41:55.000000 UTC
03-14,LIMITED 10,L10,107,2019-05-01 09:43:26.000000 UTC
03-14,REVOLVER,REV,83.6,2018-06-28 12:52:49.000000 UTC
03-14,PRODUCTION,PROD,93.9,2018-06-28 12:52:49.000000 UTC
03-14,CARRY OPTICS,CO,93.9,2019-05-01 09:43:26.000000 UTC
03-18,PCC,PCC,11.1314,2022-03-01 21:40:23.000000 UTC
03-18,LIMITED 10,L10,8.8814,2019-05-01 09:43:26.000000 UTC
03-18,REVOLVER,REV,6.4829,2018-06-28 12:52:49.000000 UTC
03-18,SINGLE STACK,SS,8.3423,2018-06-28 12:52:49.000000 UTC
03-18,OPEN,OPN,9.4752,2019-05-01 09:41:55.000000 UTC
03-18,PRODUCTION,PROD,7.9574,2019-05-01 09:41:55.000000 UTC
03-18,CARRY OPTICS,CO,7.9574,2019-05-01 09:43:26.000000 UTC
03-18,LIMITED,LTD,8.8814,2018-06-28 12:52:49.000000 UTC
06-01,LIMITED,LTD,9.6912,2018-06-28 12:52:49.000000 UTC
06-01,SINGLE STACK,SS,8.3967,2018-06-28 12:52:49.000000 UTC
06-01,PCC,PCC,9.7243,2022-03-01 21:41:42.000000 UTC
06-01,PRODUCTION,PROD,8.4147,2019-05-01 09:41:55.000000 UTC
06-01,CARRY OPTICS,CO,9.1222,2022-03-01 21:39:05.000000 UTC
06-01,REVOLVER,REV,5.5984,2019-05-01 09:41:55.000000 UTC
06-01,OPEN,OPN,10.9043,2018-06-28 12:52:49.000000 UTC
06-01,LIMITED 10,L10,9.6912,2019-05-01 09:43:26.000000 UTC
06-02,LIMITED 10,L10,8.6104,2019-05-01 09:43:26.000000 UTC
06-02,OPEN,OPN,9.9605,2019-05-01 09:41:55.000000 UTC
06-02,PCC,PCC,9.0132,2019-05-01 09:41:55.000000 UTC
06-02,LIMITED,LTD,8.6104,2018-06-28 12:52:49.000000 UTC
06-02,REVOLVER,REV,5.0842,2018-06-28 12:52:49.000000 UTC
06-02,PRODUCTION,PROD,7.5101,2018-06-28 12:52:49.000000 UTC
06-02,SINGLE STACK,SS,6.9743,2019-05-01 09:41:55.000000 UTC
06-02,CARRY OPTICS,CO,8.4022,2022-03-01 21:38:52.000000 UTC
06-03,OPEN,OPN,17.2943,2018-06-28 12:52:49.000000 UTC
06-03,LIMITED,LTD,16.6378,2019-05-01 09:41:55.000000 UTC
06-03,LIMITED 10,L10,16.6378,2019-05-01 09:43:26.000000 UTC
06-03,REVOLVER,REV,11.4323,2019-05-01 09:41:55.000000 UTC
06-03,CARRY OPTICS,CO,15.9889,2019-05-01 09:43:26.000000 UTC
06-03,SINGLE STACK,SS,14.9224,2019-05-01 09:41:55.000000 UTC
06-03,PCC,PCC,16.5673,2022-03-01 21:41:44.000000 UTC
06-03,PRODUCTION,PROD,15.9889,2019-05-01 09:41:55.000000 UTC
06-04,REVOLVER,REV,9.8645,2019-05-01 09:41:55.000000 UTC
06-04,LIMITED 10,L10,15.261,2019-05-01 09:43:26.000000 UTC
06-04,PRODUCTION,PROD,14.5282,2018-06-28 12:52:49.000000 UTC
06-04,OPEN,OPN,16.1215,2018-06-28 12:52:49.000000 UTC
06-04,LIMITED,LTD,15.261,2019-05-01 09:41:55.000000 UTC
06-04,SINGLE STACK,SS,13.741,2018-06-28 12:52:49.000000 UTC
06-04,CARRY OPTICS,CO,14.5282,2019-05-01 09:43:26.000000 UTC
06-04,PCC,PCC,17.4643,2019-05-01 09:41:55.000000 UTC
06-05,SINGLE STACK,SS,13.3461,2018-06-28 12:52:49.000000 UTC
06-05,REVOLVER,REV,9.4829,2019-05-01 09:41:55.000000 UTC
06-05,OPEN,OPN,15.1956,2019-05-01 09:41:55.000000 UTC
06-05,PCC,PCC,17.3088,2019-05-01 09:41:55.000000 UTC
06-05,CARRY OPTICS,CO,13.4141,2022-03-01 21:39:53.000000 UTC
06-05,LIMITED,LTD,13.4494,2018-06-28 12:52:49.000000 UTC
06-05,LIMITED 10,L10,13.4494,2019-05-01 09:43:26.000000 UTC
06-05,PRODUCTION,PROD,13.3166,2019-05-01 09:41:55.000000 UTC
06-06,SINGLE STACK,SS,8.1105,2018-06-28 12:52:49.000000 UTC
06-06,LIMITED 10,L10,8.6102,2019-05-01 09:43:26.000000 UTC
06-06,OPEN,OPN,9.624,2018-06-28 12:52:49.000000 UTC
06-06,LIMITED,LTD,8.6102,2018-06-28 12:52:49.000000 UTC
06-06,PRODUCTION,PROD,7.8485,2019-05-01 09:41:55.000000 UTC
06-06,REVOLVER,REV,6.0842,2018-06-28 12:52:49.000000 UTC
06-06,PCC,PCC,9.0559,2022-03-01 21:41:55.000000 UTC
06-06,CARRY OPTICS,CO,7.8485,2019-05-01 09:43:26.000000 UTC
06-10,LIMITED,LTD,10.8013,2018-06-28 12:52:49.000000 UTC
06-10,SINGLE STACK,SS,9.441,2019-05-01 09:41:55.000000 UTC
06-10,CARRY OPTICS,CO,9.943,2022-03-01 21:40:05.000000 UTC
06-10,LIMITED 10,L10,10.8013,2019-05-01 09:43:26.000000 UTC
06-10,PCC,PCC,13.1539,2022-03-01 21:41:52.000000 UTC
06-10,REVOLVER,REV,8.1072,2019-05-01 09:41:55.000000 UTC
06-10,OPEN,OPN,10.9065,2019-05-01 09:41:55.000000 UTC
06-10,PRODUCTION,PROD,9.92,2018-06-28 12:52:49.000000 UTC
08-01,LIMITED 10,L10,5.865,2019-05-01 09:43:26.000000 UTC
08-01,LIMITED,LTD,5.865,2018-06-28 12:52:49.000000 UTC
08-01,REVOLVER,REV,3.785,2018-06-28 12:52:49.000000 UTC
08-01,CARRY OPTICS,CO,5.124,2022-03-01 21:39:48.000000 UTC
08-01,PRODUCTION,PROD,5.0616,2019-05-01 09:41:55.000000 UTC
08-01,SINGLE STACK,SS,5.7975,2019-05-01 09:41:55.000000 UTC
08-01,PCC,PCC,7.9926,2022-03-01 21:40:10.000000 UTC
08-01,OPEN,OPN,7.0423,2018-06-28 12:52:49.000000 UTC
08-02,PRODUCTION,PROD,6.937,2019-05-01 09:41:55.000000 UTC
08-02,PCC,PCC,8.214,2022-03-01 21:40:36.000000 UTC
08-02,OPEN,OPN,7.9667,2018-06-28 12:52:49.000000 UTC
08-02,LIMITED,LTD,7.2443,2018-06-28 12:52:49.000000 UTC
08-02,LIMITED 10,L10,7.2443,2019-05-01 09:43:26.000000 UTC
08-02,SINGLE STACK,SS,6.5293,2018-06-28 12:52:49.000000 UTC
08-02,REVOLVER,REV,5.0686,2018-06-28 12:52:49.000000 UTC
08-02,CARRY OPTICS,CO,6.937,2019-05-01 09:43:26.000000 UTC
08-03,PRODUCTION,PROD,11.2794,2019-05-01 09:41:55.000000 UTC
08-03,PCC,PCC,14.4461,2022-03-01 21:40:30.000000 UTC
08-03,REVOLVER,REV,8.7825,2019-05-01 09:41:55.000000 UTC
08-03,OPEN,OPN,12.0992,2019-05-01 09:41:55.000000 UTC
08-03,LIMITED,LTD,11.1488,2019-05-01 09:41:55.000000 UTC
08-03,SINGLE STACK,SS,10.8096,2019-05-01 09:41:55.000000 UTC
08-03,CARRY OPTICS,CO,11.2794,2019-05-01 09:43:26.000000 UTC
08-03,LIMITED 10,L10,11.1488,2019-05-01 09:43:26.000000 UTC
09-01,LIMITED,LTD,104.6,2019-05-01 09:41:55.000000 UTC
09-01,OPEN,OPN,113.9,2019-05-01 09:41:55.000000 UTC
09-01,PRODUCTION,PROD,94.5,2022-03-01 21:37:49.000000 UTC
09-01,REVOLVER,REV,78.3,2018-06-28 12:52:49.000000 UTC
09-01,SINGLE STACK,SS,101.4,2018-06-28 12:52:49.000000 UTC
09-01,CARRY OPTICS,CO,98.7,2022-03-01 21:39:07.000000 UTC
09-01,PCC,PCC,114.5,2022-03-01 21:41:02.000000 UTC
09-01,LIMITED 10,L10,104.6,2019-05-01 09:43:26.000000 UTC
09-02,PRODUCTION,PROD,12.1808,2019-05-01 09:41:55.000000 UTC
09-02,PCC,PCC,17.6098,2022-03-01 21:41:11.000000 UTC
09-02,REVOLVER,REV,8.7341,2019-05-01 09:41:55.000000 UTC
09-02,LIMITED,LTD,12.0548,2018-06-28 12:52:49.000000 UTC
09-02,OPEN,OPN,13.8549,2019-05-01 09:41:55.000000 UTC
09-02,CARRY OPTICS,CO,12.1808,2019-05-01 09:43:26.000000 UTC
09-02,SINGLE STACK,SS,12.1782,2019-05-01 09:41:55.000000 UTC
09-02,LIMITED 10,L10,12.0548,2019-05-01 09:43:26.000000 UTC
09-03,PCC,PCC,10.0826,2019-05-01 09:41:55.000000 UTC
09-03,CARRY OPTICS,CO,8.7705,2019-05-01 09:43:26.000000 UTC
09-03,LIMITED,LTD,8.9757,2018-06-28 12:58:58.000000 UTC
09-03,PRODUCTION,PROD,8.7705,2019-05-01 09:41:55.000000 UTC
09-03,REVOLVER,REV,7.3233,2018-06-28 12:52:49.000000 UTC
09-03,LIMITED 10,L10,8.9757,2019-05-01 09:43:26.000000 UTC
09-03,SINGLE STACK,SS,8.4821,2018-06-28 12:52:49.000000 UTC
09-03,OPEN,OPN,9.8904,2019-05-01 09:41:55.000000 UTC
09-04,LIMITED,LTD,12.8702,2018-06-28 12:52:49.000000 UTC
09-04,SINGLE STACK,SS,11.5073,2019-05-01 09:41:55.000000 UTC
09-04,OPEN,OPN,14.1402,2019-05-01 09:41:55.000000 UTC
09-04,PCC,PCC,15.8461,2022-03-01 21:40:27.000000 UTC
09-04,CARRY OPTICS,CO,12.1983,2019-05-01 09:43:26.000000 UTC
09-04,REVOLVER,REV,7.9565,2022-03-01 21:38:15.000000 UTC
09-04,PRODUCTION,PROD,12.1983,2019-05-01 09:41:55.000000 UTC
09-04,LIMITED 10,L10,12.8702,2019-05-01 09:43:26.000000 UTC
09-07,SINGLE STACK,SS,6.1486,2018-06-28 12:52:49.000000 UTC
09-07,LIMITED 10,L10,6.7559,2019-05-01 09:43:26.000000 UTC
09-07,OPEN,OPN,7.8158,2019-05-01 09:41:55.000000 UTC
09-07,LIMITED,LTD,6.7559,2018-06-28 12:52:49.000000 UTC
09-07,PCC,PCC,7.55,2022-03-01 21:41:04.000000 UTC
09-07,REVOLVER,REV,4.9809,2018-06-28 12:52:49.000000 UTC
09-07,PRODUCTION,PROD,6.2638,2018-06-28 12:52:49.000000 UTC
09-07,CARRY OPTICS,CO,6.6746,2022-03-01 21:39:13.000000 UTC
09-08,REVOLVER,REV,5.2426,2018-06-28 12:52:49.000000 UTC
09-08,LIMITED,LTD,9.1111,2018-06-28 12:52:49.000000 UTC
09-08,LIMITED 10,L10,9.1111,2019-05-01 09:43:26.000000 UTC
09-08,PCC,PCC,10.0017,2019-05-01 09:41:55.000000 UTC
09-08,CARRY OPTICS,CO,8.7305,2022-03-01 21:38:51.000000 UTC
09-08,PRODUCTION,PROD,7.644,2018-06-28 12:52:49.000000 UTC
09-08,OPEN,OPN,10.4804,2022-03-01 21:37:09.000000 UTC
09-08,SINGLE STACK,SS,7.3624,2018-06-28 12:52:49.000000 UTC
09-09,PCC,PCC,90,2019-05-01 09:41:55.000000 UTC
09-09,LIMITED,LTD,88.3,2018-06-28 12:52:49.000000 UTC
09-09,PRODUCTION,PROD,86.8,2018-06-28 12:52:49.000000 UTC
09-09,CARRY OPTICS,CO,86.8,2019-05-01 09:43:26.000000 UTC
09-09,REVOLVER,REV,72.8,2018-06-28 12:52:49.000000 UTC
09-09,LIMITED 10,L10,88.3,2019-05-01 09:43:26.000000 UTC
09-09,OPEN,OPN,89.1,2018-06-28 12:52:49.000000 UTC
09-09,SINGLE STACK,SS,84.3,2018-06-28 12:52:49.000000 UTC
09-10,LIMITED,LTD,11.7045,2019-05-01 09:41:55.000000 UTC
09-10,OPEN,OPN,12.8263,2018-06-28 12:52:49.000000 UTC
09-10,LIMITED 10,L10,11.7045,2019-05-01 09:43:26.000000 UTC
09-10,PRODUCTION,PROD,10.3643,2018-06-28 12:52:49.000000 UTC
09-10,REVOLVER,REV,6.9659,2018-06-28 12:52:49.000000 UTC
09-10,CARRY OPTICS,CO,11.1656,2022-03-01 21:39:09.000000 UTC
09-10,SINGLE STACK,SS,10.1504,2018-06-28 12:52:49.000000 UTC
09-10,PCC,PCC,11.0988,2022-03-01 21:41:19.000000 UTC
09-13,LIMITED,LTD,8.4284,2018-06-28 12:52:49.000000 UTC
09-13,SINGLE STACK,SS,7.8875,2018-06-28 12:52:49.000000 UTC
09-13,CARRY OPTICS,CO,8.0812,2022-03-01 21:40:01.000000 UTC
09-13,REVOLVER,REV,5.1886,2018-06-28 12:52:49.000000 UTC
09-13,LIMITED 10,L10,8.4284,2019-05-01 09:43:26.000000 UTC
09-13,PCC,PCC,7.7107,2022-03-01 21:40:25.000000 UTC
09-13,OPEN,OPN,9.6572,2018-06-28 12:52:49.000000 UTC
09-13,PRODUCTION,PROD,8.0547,2018-06-28 12:52:49.000000 UTC
09-14,PCC,PCC,13.3026,2022-03-01 21:41:35.000000 UTC
09-14,SINGLE STACK,SS,9.3639,2018-06-28 12:58:58.000000 UTC
09-14,LIMITED,LTD,9.566,2018-06-28 12:52:49.000000 UTC
09-14,LIMITED 10,L10,9.566,2019-05-01 09:43:26.000000 UTC
09-14,REVOLVER,REV,7.0196,2019-05-01 09:41:55.000000 UTC
09-14,PRODUCTION,PROD,8.649,2018-06-28 12:52:49.000000 UTC
09-14,CARRY OPTICS,CO,8.7433,2022-03-01 21:39:52.000000 UTC
09-14,OPEN,OPN,10.05,2019-05-01 09:41:55.000000 UTC
13-01,OPEN,OPN,10.8293,2019-05-01 09:41:55.000000 UTC
13-01,SINGLE STACK,SS,8.9366,2018-06-28 12:52:49.000000 UTC
13-01,PCC,PCC,11.5343,2022-03-01 21:40:45.000000 UTC
13-01,LIMITED,LTD,9.6048,2019-05-01 09:41:55.000000 UTC
13-01,REVOLVER,REV,6.4115,2019-05-01 09:41:55.000000 UTC
13-01,LIMITED 10,L10,9.6048,2019-05-01 09:43:26.000000 UTC
13-01,CARRY OPTICS,CO,9.1054,2019-05-01 09:43:26.000000 UTC
13-01,PRODUCTION,PROD,9.1054,2018-06-28 12:52:49.000000 UTC
13-02,PCC,PCC,16.6066,2019-05-01 09:41:55.000000 UTC
13-02,SINGLE STACK,SS,11.7379,2018-06-28 12:52:49.000000 UTC
13-02,PRODUCTION,PROD,12.9901,2019-05-01 09:41:55.000000 UTC
13-02,LIMITED 10,L10,13.3483,2019-05-01 09:43:26.000000 UTC
13-02,REVOLVER,REV,10.7716,2019-05-01 09:41:55.000000 UTC
13-02,CARRY OPTICS,CO,13.2613,2022-03-01 21:39:35.000000 UTC
13-02,LIMITED,LTD,13.3483,2019-05-01 09:41:55.000000 UTC
13-02,OPEN,OPN,15.2209,2019-05-01 09:41:55.000000 UTC
13-03,SINGLE STACK,SS,4.675,2018-06-28 12:52:49.000000 UTC
13-03,LIMITED,LTD,4.9768,2019-05-01 09:41:55.000000 UTC
13-03,LIMITED 10,L10,4.9768,2019-05-01 09:43:26.000000 UTC
13-03,OPEN,OPN,5.6595,2018-06-28 12:52:49.000000 UTC
13-03,REVOLVER,REV,3.621,2019-05-01 09:41:55.000000 UTC
13-03,CARRY OPTICS,CO,5.0781,2022-03-01 21:39:20.000000 UTC
13-03,PCC,PCC,5.8957,2019-05-01 09:41:55.000000 UTC
13-03,PRODUCTION,PROD,4.8858,2018-06-28 12:52:49.000000 UTC
13-04,LIMITED,LTD,12.8041,2018-06-28 12:52:49.000000 UTC
13-04,PCC,PCC,16.3099,2019-05-01 09:41:55.000000 UTC
13-04,SINGLE STACK,SS,11.9603,2019-05-01 09:41:55.000000 UTC
13-04,LIMITED 10,L10,12.8041,2019-05-01 09:43:26.000000 UTC
13-04,CARRY OPTICS,CO,12.4795,2022-03-01 21:39:44.000000 UTC
13-04,PRODUCTION,PROD,12.3197,2019-05-01 09:41:55.000000 UTC
13-04,REVOLVER,REV,9.4282,2018-06-28 12:52:49.000000 UTC
13-04,OPEN,OPN,13.8923,2019-05-01 09:41:55.000000 UTC
13-05,SINGLE STACK,SS,10.6825,2019-05-01 09:41:55.000000 UTC
13-05,PCC,PCC,11.4003,2022-03-01 21:40:38.000000 UTC
13-05,REVOLVER,REV,7.6607,2019-05-01 09:41:55.000000 UTC
13-05,LIMITED 10,L10,11.3861,2019-05-01 09:43:26.000000 UTC
13-05,PRODUCTION,PROD,10.5911,2019-05-01 09:41:55.000000 UTC
13-05,OPEN,OPN,12.3668,2018-06-28 12:52:49.000000 UTC
13-05,LIMITED,LTD,11.3861,2019-05-01 09:41:55.000000 UTC
13-05,CARRY OPTICS,CO,10.7797,2022-03-01 21:39:37.000000 UTC
13-06,CARRY OPTICS,CO,9.2398,2019-05-01 09:43:26.000000 UTC
13-06,LIMITED 10,L10,10.0814,2019-05-01 09:43:26.000000 UTC
13-06,LIMITED,LTD,10.0814,2019-05-01 09:41:55.000000 UTC
13-06,PRODUCTION,PROD,9.2398,2019-05-01 09:41:55.000000 UTC
13-06,REVOLVER,REV,6.719,2018-06-28 12:52:49.000000 UTC
13-06,PCC,PCC,9.5673,2022-03-01 21:41:50.000000 UTC
13-06,SINGLE STACK,SS,8.9181,2019-05-01 09:41:55.000000 UTC
13-06,OPEN,OPN,10.4555,2019-05-01 09:41:55.000000 UTC
13-07,SINGLE STACK,SS,9.8018,2018-06-28 12:52:49.000000 UTC
13-07,LIMITED,LTD,9.9858,2018-06-28 12:52:49.000000 UTC
13-07,PRODUCTION,PROD,10.0764,2018-06-28 12:52:49.000000 UTC
13-07,OPEN,OPN,11.2466,2018-06-28 12:52:49.000000 UTC
13-07,REVOLVER,REV,7.1591,2018-06-28 12:52:49.000000 UTC
13-07,CARRY OPTICS,CO,10.0764,2019-05-01 09:43:26.000000 UTC
13-07,PCC,PCC,10.3148,2018-06-28 12:52:49.000000 UTC
13-07,LIMITED 10,L10,9.9858,2019-05-01 09:43:26.000000 UTC
13-08,PRODUCTION,PROD,9.1821,2019-05-01 09:41:55.000000 UTC
13-08,CARRY OPTICS,CO,9.4875,2022-03-01 21:39:26.000000 UTC
13-08,SINGLE STACK,SS,9.6621,2018-06-28 12:52:49.000000 UTC
13-08,PCC,PCC,10.925,2022-03-01 21:41:33.000000 UTC
13-08,LIMITED 10,L10,10.3935,2019-05-01 09:43:26.000000 UTC
13-08,REVOLVER,REV,6.766,2018-06-28 12:52:49.000000 UTC
13-08,OPEN,OPN,11.3745,2018-06-28 12:52:49.000000 UTC
13-08,LIMITED,LTD,10.3935,2019-05-01 09:41:55.000000 UTC
18-01,CARRY OPTICS,CO,5.0087,2022-03-01 21:39:22.000000 UTC
18-01,LIMITED 10,L10,4.9347,2019-05-01 09:43:26.000000 UTC
18-01,PRODUCTION,PROD,4.8952,2022-03-01 21:38:06.000000 UTC
18-01,PCC,PCC,6.8799,2022-03-01 21:41:09.000000 UTC
18-01,LIMITED,LTD,5.2822,2022-03-01 21:37:20.000000 UTC
18-01,OPEN,OPN,6.112,2022-03-01 21:37:05.000000 UTC
18-01,REVOLVER,REV,3.4664,2019-05-01 09:41:55.000000 UTC
18-01,SINGLE STACK,SS,5.0537,2022-03-01 21:38:39.000000 UTC
18-02,SINGLE STACK,SS,6.4892,2022-03-01 21:38:38.000000 UTC
18-02,OPEN,OPN,8.6525,2022-03-01 21:37:07.000000 UTC
18-02,PCC,PCC,8.6539,2022-03-01 21:40:54.000000 UTC
18-02,REVOLVER,REV,4.4944,2022-03-01 21:38:23.000000 UTC
18-02,LIMITED 10,L10,7.0355,2019-05-01 09:43:26.000000 UTC
18-02,PRODUCTION,PROD,6.573,2022-03-01 21:38:01.000000 UTC
18-02,CARRY OPTICS,CO,7.4876,2022-03-01 21:38:49.000000 UTC
18-02,LIMITED,LTD,7.0355,2019-05-01 09:41:55.000000 UTC
18-03,SINGLE STACK,SS,7.684,2022-03-01 21:38:45.000000 UTC
18-03,LIMITED,LTD,8.0502,2022-03-01 21:37:22.000000 UTC
18-03,CARRY OPTICS,CO,7.4753,2019-05-01 09:43:26.000000 UTC
18-03,REVOLVER,REV,5.7255,2022-03-01 21:38:26.000000 UTC
18-03,OPEN,OPN,8.4484,2022-03-01 21:36:58.000000 UTC
18-03,LIMITED 10,L10,7.7734,2019-05-01 09:43:26.000000 UTC
18-03,PRODUCTION,PROD,7.4753,2019-05-01 09:41:55.000000 UTC
18-03,PCC,PCC,8.9519,2022-03-01 21:41:48.000000 UTC
18-04,OPEN,OPN,7.5401,2022-03-01 21:37:03.000000 UTC
18-04,LIMITED 10,L10,6.5755,2019-05-01 09:43:26.000000 UTC
18-04,SINGLE STACK,SS,6.0507,2022-03-01 21:38:43.000000 UTC
18-04,PRODUCTION,PROD,6.1047,2022-03-01 21:38:04.000000 UTC
18-04,REVOLVER,REV,4.4639,2022-03-01 21:38:17.000000 UTC
18-04,LIMITED,LTD,6.7427,2022-03-01 21:37:27.000000 UTC
18-04,CARRY OPTICS,CO,6.6339,2022-03-01 21:38:56.000000 UTC
18-04,PCC,PCC,7.5977,2022-03-01 21:41:15.000000 UTC
18-05,SINGLE STACK,SS,8.3364,2018-11-20 00:00:00.000000 UTC
18-05,LIMITED 10,L10,9.4483,2019-05-01 09:43:26.000000 UTC
18-05,OPEN,OPN,10.9085,2018-11-20 00:00:00.000000 UTC
18-05,PRODUCTION,PROD,9.2136,2022-03-01 21:38:02.000000 UTC
18-05,LIMITED,LTD,9.4483,2019-05-01 09:41:55.000000 UTC
18-05,CARRY OPTICS,CO,9.8129,2022-03-01 21:39:04.000000 UTC
18-05,PCC,PCC,11.4744,2022-03-01 21:41:00.000000 UTC
18-05,REVOLVER,REV,6.3025,2022-03-01 21:38:12.000000 UTC
18-06,REVOLVER,REV,3.6618,2022-03-01 21:38:10.000000 UTC
18-06,LIMITED 10,L10,5.4209,2019-05-01 09:43:26.000000 UTC
18-06,PCC,PCC,9.1866,2022-03-01 21:40:58.000000 UTC
18-06,SINGLE STACK,SS,5.2009,2019-05-01 09:41:55.000000 UTC
18-06,CARRY OPTICS,CO,5.8142,2022-03-01 21:39:00.000000 UTC
18-06,LIMITED,LTD,5.4209,2019-05-01 09:41:55.000000 UTC
18-06,PRODUCTION,PROD,5.4742,2022-03-01 21:37:53.000000 UTC
18-06,OPEN,OPN,6.782,2022-03-01 21:36:59.000000 UTC
18-07,LIMITED,LTD,9.3096,2022-03-01 21:37:29.000000 UTC
18-07,OPEN,OPN,9.7812,2018-11-20 00:00:00.000000 UTC
18-07,SINGLE STACK,SS,8.6418,2018-11-20 00:00:00.000000 UTC
18-07,LIMITED 10,L10,9.091,2019-05-01 09:43:26.000000 UTC
18-07,REVOLVER,REV,5.9194,2022-03-01 21:38:21.000000 UTC
18-07,PRODUCTION,PROD,8.885,2022-03-01 21:37:55.000000 UTC
18-07,CARRY OPTICS,CO,9.0838,2022-03-01 21:39:16.000000 UTC
18-07,PCC,PCC,10.475,2022-03-01 21:40:42.000000 UTC
18-08,CARRY OPTICS,CO,6.0928,2022-03-01 21:38:54.000000 UTC
18-08,REVOLVER,REV,4.633,2022-03-01 21:38:19.000000 UTC
18-08,SINGLE STACK,SS,5.6264,2019-05-01 09:41:55.000000 UTC
18-08,PCC,PCC,6.7137,2022-03-01 21:41:37.000000 UTC
18-08,OPEN,OPN,6.5709,2019-05-01 09:41:55.000000 UTC
18-08,LIMITED,LTD,6.1646,2018-11-20 00:00:00.000000 UTC
18-08,LIMITED 10,L10,6.1646,2019-05-01 09:43:26.000000 UTC
18-08,PRODUCTION,PROD,5.7822,2022-03-01 21:37:44.000000 UTC
18-09,LIMITED 10,L10,10.38,2019-05-01 09:43:26.000000 UTC
18-09,PCC,PCC,10.8152,2022-03-01 21:41:46.000000 UTC
18-09,SINGLE STACK,SS,9.8004,2019-05-01 09:41:55.000000 UTC
18-09,CARRY OPTICS,CO,10.154,2022-03-01 21:39:18.000000 UTC
18-09,OPEN,OPN,11.1142,2022-03-01 21:37:12.000000 UTC
18-09,PRODUCTION,PROD,9.7503,2019-05-01 09:41:55.000000 UTC
18-09,REVOLVER,REV,7.4792,2022-03-01 21:38:25.000000 UTC
18-09,LIMITED,LTD,10.5711,2022-03-01 21:37:33.000000 UTC
19-01,LIMITED,LTD,9.9947,2022-03-01 21:37:18.000000 UTC
19-01,SINGLE STACK,SS,8.7378,2022-03-01 21:38:32.000000 UTC
19-01,REVOLVER,REV,7.2165,2020-01-07 15:02:20.000000 UTC
19-01,OPEN,OPN,11.5432,2022-03-01 21:36:56.000000 UTC
19-01,PCC,PCC,11.8567,2022-03-01 21:40:18.000000 UTC
19-01,LIMITED 10,L10,8.5397,2022-03-01 21:37:40.000000 UTC
19-01,PRODUCTION,PROD,8.6067,2022-03-01 21:37:48.000000 UTC
19-01,CARRY OPTICS,CO,9.7999,2022-03-01 21:38:47.000000 UTC
19-02,OPEN,OPN,10.6113,2020-01-07 13:21:47.000000 UTC
19-02,SINGLE STACK,SS,8.5558,2020-01-07 13:21:49.000000 UTC
19-02,LIMITED,LTD,9.6827,2022-03-01 21:37:31.000000 UTC
19-02,PRODUCTION,PROD,9.2751,2022-03-01 21:38:08.000000 UTC
19-02,REVOLVER,REV,6.8101,2020-01-07 15:02:22.000000 UTC
19-02,CARRY OPTICS,CO,9.893,2022-03-01 21:39:31.000000 UTC
19-02,PCC,PCC,10.8388,2022-03-01 21:40:47.000000 UTC
19-02,LIMITED 10,L10,8.7477,2020-01-07 13:21:48.000000 UTC
19-03,SINGLE STACK,SS,7.0357,2022-03-01 21:38:34.000000 UTC
19-03,OPEN,OPN,10.054,2022-03-01 21:37:11.000000 UTC
19-03,LIMITED,LTD,8.6985,2022-03-01 21:37:35.000000 UTC
19-03,PRODUCTION,PROD,7.1284,2022-03-01 21:37:42.000000 UTC
19-03,LIMITED 10,L10,6.9063,2022-03-01 21:37:36.000000 UTC
19-03,REVOLVER,REV,4.9069,2020-01-07 15:02:24.000000 UTC
19-03,CARRY OPTICS,CO,8.9462,2022-03-01 21:39:11.000000 UTC
19-03,PCC,PCC,9.9068,2022-03-01 21:40:56.000000 UTC
19-04,SINGLE STACK,SS,9.4496,2022-03-01 21:38:41.000000 UTC
19-04,OPEN,OPN,11.5179,2020-01-07 14:27:26.000000 UTC
19-04,LIMITED,LTD,10.205,2020-01-07 14:27:26.000000 UTC
19-04,PRODUCTION,PROD,9.4579,2022-03-01 21:37:57.000000 UTC
19-04,CARRY OPTICS,CO,10.2496,2022-03-01 21:39:41.000000 UTC
19-04,PCC,PCC,10.4452,2022-03-01 21:41:57.000000 UTC
19-04,LIMITED 10,L10,9.0802,2020-01-07 14:27:27.000000 UTC
19-04,REVOLVER,REV,7.6501,2020-01-07 15:02:27.000000 UTC
20-01,OPEN,OPN,9.4933,2022-03-01 21:37:01.000000 UTC
20-01,SINGLE STACK,SS,7.2283,2020-11-03 15:35:41.000000 UTC
20-01,LIMITED,LTD,8.5677,2022-03-01 21:37:24.000000 UTC
20-01,PRODUCTION,PROD,7.4585,2022-03-01 21:37:51.000000 UTC
20-01,REVOLVER,REV,5.6126,2022-03-01 21:38:30.000000 UTC
20-01,LIMITED 10,L10,7.2283,2020-11-03 15:35:41.000000 UTC
20-01,CARRY OPTICS,CO,8.5679,2022-03-01 21:39:33.000000 UTC
20-01,PCC,PCC,8.7,2020-11-03 15:35:43.000000 UTC
20-02,SINGLE STACK,SS,10.2674,2022-03-01 21:38:36.000000 UTC
20-02,OPEN,OPN,12.7319,2022-03-01 21:36:54.000000 UTC
20-02,LIMITED,LTD,11.9111,2022-03-01 21:37:16.000000 UTC
20-02,PRODUCTION,PROD,10.709,2022-03-01 21:37:46.000000 UTC
20-02,REVOLVER,REV,7.8257,2022-03-01 21:38:13.000000 UTC
20-02,CARRY OPTICS,CO,11.2622,2022-03-01 21:39:15.000000 UTC
20-02,PCC,PCC,12.0366,2022-03-01 21:40:43.000000 UTC
20-02,LIMITED 10,L10,10.5079,2022-03-01 21:37:38.000000 UTC
20-03,SINGLE STACK,SS,9.331,2020-11-03 15:39:34.000000 UTC
20-03,REVOLVER,REV,7.8361,2022-03-01 21:38:28.000000 UTC
20-03,OPEN,OPN,11.6035,2022-03-01 21:37:14.000000 UTC
20-03,PCC,PCC,11,2020-11-03 15:39:35.000000 UTC
20-03,LIMITED 10,L10,9.331,2020-11-03 15:39:33.000000 UTC
20-03,LIMITED,LTD,10.4734,2022-03-01 21:37:25.000000 UTC
20-03,PRODUCTION,PROD,9.5196,2022-03-01 21:37:59.000000 UTC
20-03,CARRY OPTICS,CO,11.038,2022-03-01 21:39:29.000000 UTC
21-01,LIMITED,LTD,15.2999,2021-12-08 19:51:21.000000 UTC
21-01,SINGLE STACK,SS,13.7999,2021-12-08 19:51:22.000000 UTC
21-01,PRODUCTION,PROD,13.5999,2021-12-08 19:51:22.000000 UTC
21-01,CARRY OPTICS,CO,16,2021-12-08 19:51:23.000000 UTC
21-01,PCC,PCC,16.2999,2021-12-08 19:51:23.000000 UTC
21-01,OPEN,OPN,18,2021-12-08 19:51:21.000000 UTC
21-01,LIMITED 10,L10,13.9999,2021-12-08 19:51:21.000000 UTC
21-01,REVOLVER,REV,10.3999,2021-12-08 19:51:22.000000 UTC
99-02,SINGLE STACK,SS,6.6366,2018-06-28 12:52:49.000000 UTC
99-02,LIMITED,LTD,7.3567,2018-06-28 12:52:49.000000 UTC
99-02,LIMITED 10,L10,7.3567,2019-05-01 09:43:26.000000 UTC
99-02,CARRY OPTICS,CO,6.7923,2019-05-01 09:43:26.000000 UTC
99-02,REVOLVER,REV,5.5569,2018-06-28 12:52:49.000000 UTC
99-02,OPEN,OPN,7.7051,2018-06-28 12:52:49.000000 UTC
99-02,PRODUCTION,PROD,6.7923,2018-06-28 12:52:49.000000 UTC
99-02,PCC,PCC,7.0794,2019-05-01 09:41:55.000000 UTC
99-07,LIMITED,LTD,7.7885,2018-06-28 12:52:49.000000 UTC
99-07,SINGLE STACK,SS,7.2185,2019-05-01 09:41:55.000000 UTC
99-07,LIMITED 10,L10,7.7885,2019-05-01 09:43:26.000000 UTC
99-07,CARRY OPTICS,CO,7.7946,2022-03-01 21:39:02.000000 UTC
99-07,REVOLVER,REV,5.6208,2019-05-01 09:41:55.000000 UTC
99-07,PRODUCTION,PROD,7.1581,2018-06-28 12:52:49.000000 UTC
99-07,PCC,PCC,8.1657,2022-03-01 21:40:51.000000 UTC
99-07,OPEN,OPN,9.298,2018-06-28 12:52:49.000000 UTC
99-08,SINGLE STACK,SS,9.9094,2018-06-28 12:52:49.000000 UTC
99-08,LIMITED,LTD,10.6766,2018-06-28 12:52:49.000000 UTC
99-08,LIMITED 10,L10,10.6766,2019-05-01 09:43:26.000000 UTC
99-08,CARRY OPTICS,CO,9.6721,2022-03-01 21:39:28.000000 UTC
99-08,OPEN,OPN,11.8006,2018-06-28 12:52:49.000000 UTC
99-08,REVOLVER,REV,7.4457,2018-06-28 12:52:49.000000 UTC
99-08,PRODUCTION,PROD,9.3922,2018-06-28 12:52:49.000000 UTC
99-08,PCC,PCC,10.601,2022-03-01 21:41:20.000000 UTC
99-10,SINGLE STACK,SS,9.5586,2019-05-01 09:41:55.000000 UTC
99-10,LIMITED,LTD,10.9574,2018-06-28 12:52:49.000000 UTC
99-10,LIMITED 10,L10,10.9574,2019-05-01 09:43:26.000000 UTC
99-10,CARRY OPTICS,CO,9.653,2022-03-01 21:39:55.000000 UTC
99-10,PRODUCTION,PROD,9.5841,2018-06-28 12:52:49.000000 UTC
99-10,OPEN,OPN,11.8913,2018-06-28 12:52:49.000000 UTC
99-10,REVOLVER,REV,8.2322,2018-06-28 12:52:49.000000 UTC
99-10,PCC,PCC,10.9507,2019-05-01 09:41:55.000000 UTC
99-11,LIMITED 10,L10,12.4345,2019-05-01 09:43:26.000000 UTC
99-11,SINGLE STACK,SS,11.3537,2019-05-01 09:41:55.000000 UTC
99-11,REVOLVER,REV,9.1836,2018-06-28 12:52:49.000000 UTC
99-11,PCC,PCC,14.0093,2022-03-01 21:41:53.000000 UTC
99-11,CARRY OPTICS,CO,11.6423,2019-05-01 09:43:26.000000 UTC
99-11,OPEN,OPN,13.5751,2018-06-28 12:52:49.000000 UTC
99-11,LIMITED,LTD,12.4345,2019-05-01 09:41:55.000000 UTC
99-11,PRODUCTION,PROD,11.6423,2019-05-01 09:41:55.000000 UTC
99-12,LIMITED 10,L10,11.2421,2019-05-01 09:43:26.000000 UTC
99-12,SINGLE STACK,SS,9.4671,2018-06-28 12:58:58.000000 UTC
99-12,REVOLVER,REV,7.6527,2018-06-28 12:52:49.000000 UTC
99-12,CARRY OPTICS,CO,9.4725,2019-05-01 09:43:26.000000 UTC
99-12,OPEN,OPN,11.7511,2018-06-28 12:52:49.000000 UTC
99-12,LIMITED,LTD,11.2421,2018-06-28 12:58:58.000000 UTC
99-12,PRODUCTION,PROD,9.4725,2018-06-28 12:58:58.000000 UTC
99-12,PCC,PCC,9.1194,2019-05-01 09:41:55.000000 UTC
99-13,PCC,PCC,11.3569,2022-03-01 21:41:06.000000 UTC
99-13,SINGLE STACK,SS,9.2418,2018-06-28 12:52:49.000000 UTC
99-13,LIMITED 10,L10,10.7708,2019-05-01 09:43:26.000000 UTC
99-13,CARRY OPTICS,CO,8.9461,2019-05-01 09:43:26.000000 UTC
99-13,OPEN,OPN,10.8147,2018-06-28 12:52:49.000000 UTC
99-13,REVOLVER,REV,6.8321,2018-06-28 12:52:49.000000 UTC
99-13,PRODUCTION,PROD,8.9461,2018-06-28 12:52:49.000000 UTC
99-13,LIMITED,LTD,10.7708,2018-06-28 12:58:58.000000 UTC
99-14,LIMITED,LTD,80,2018-07-25 09:12:50.000000 UTC
99-14,PCC,PCC,90,2016-09-05 15:27:23.000000 UTC
99-14,PRODUCTION,PROD,78.7,2019-05-01 09:41:55.000000 UTC
99-14,REVOLVER,REV,61.9,2019-05-01 09:41:55.000000 UTC
99-14,LIMITED 10,L10,80,2019-05-01 09:43:26.000000 UTC
99-14,SINGLE STACK,SS,73.9,2018-07-25 09:12:50.000000 UTC
99-14,CARRY OPTICS,CO,78.7,2019-05-01 09:43:26.000000 UTC
99-14,OPEN,OPN,87.8,2018-07-25 09:12:50.000000 UTC
99-16,REVOLVER,REV,7.731,2018-06-28 12:52:49.000000 UTC
99-16,LIMITED 10,L10,10.3168,2019-05-01 09:43:26.000000 UTC
99-16,OPEN,OPN,11.5292,2018-06-28 12:52:49.000000 UTC
99-16,SINGLE STACK,SS,9.8746,2019-05-01 09:41:55.000000 UTC
99-16,LIMITED,LTD,10.3168,2018-06-28 12:52:49.000000 UTC
99-16,PRODUCTION,PROD,10.0463,2018-06-28 12:52:49.000000 UTC
99-16,PCC,PCC,10.628,2019-05-01 09:41:55.000000 UTC
99-16,CARRY OPTICS,CO,10.0463,2019-05-01 09:43:26.000000 UTC
99-19,CARRY OPTICS,CO,6.5106,2019-05-01 09:43:26.000000 UTC
99-19,OPEN,OPN,7.6889,2018-06-28 12:52:49.000000 UTC
99-19,SINGLE STACK,SS,6.284,2019-05-01 09:41:55.000000 UTC
99-19,LIMITED 10,L10,7.2793,2019-05-01 09:43:26.000000 UTC
99-19,LIMITED,LTD,7.2793,2018-06-28 12:52:49.000000 UTC
99-19,REVOLVER,REV,5.5527,2018-06-28 12:52:49.000000 UTC
99-19,PRODUCTION,PROD,6.5106,2018-06-28 12:52:49.000000 UTC
99-19,PCC,PCC,5.8973,2022-03-01 21:40:21.000000 UTC
99-21,REVOLVER,REV,8.9932,2018-06-28 12:52:49.000000 UTC
99-21,LIMITED 10,L10,12.7564,2019-05-01 09:43:26.000000 UTC
99-21,OPEN,OPN,12.9033,2019-05-01 09:41:55.000000 UTC
99-21,SINGLE STACK,SS,11.6701,2018-06-28 12:52:49.000000 UTC
99-21,LIMITED,LTD,12.7564,2018-06-28 12:52:49.000000 UTC
99-21,PRODUCTION,PROD,11.9085,2018-06-28 12:52:49.000000 UTC
99-21,PCC,PCC,11.4863,2022-03-01 21:41:26.000000 UTC
99-21,CARRY OPTICS,CO,11.9085,2019-05-01 09:43:26.000000 UTC
99-22,LIMITED 10,L10,11.2458,2019-05-01 09:43:26.000000 UTC
99-22,OPEN,OPN,12.4508,2018-06-28 12:52:49.000000 UTC
99-22,REVOLVER,REV,7.8212,2018-06-28 12:52:49.000000 UTC
99-22,SINGLE STACK,SS,10.1316,2019-05-01 09:41:55.000000 UTC
99-22,LIMITED,LTD,11.2458,2018-06-28 12:52:49.000000 UTC
99-22,CARRY OPTICS,CO,10.2796,2019-05-01 09:43:26.000000 UTC
99-22,PRODUCTION,PROD,10.2796,2018-06-28 12:52:49.000000 UTC
99-22,PCC,PCC,11.958,2022-03-01 21:40:49.000000 UTC
99-23,REVOLVER,REV,10.7002,2018-06-28 12:52:49.000000 UTC
99-23,LIMITED 10,L10,13.4964,2019-05-01 09:43:26.000000 UTC
99-23,PCC,PCC,16.918,2019-05-01 09:41:55.000000 UTC
99-23,SINGLE STACK,SS,12.2419,2018-06-28 12:52:49.000000 UTC
99-23,LIMITED,LTD,13.4964,2018-06-28 12:52:49.000000 UTC
99-23,PRODUCTION,PROD,12.8314,2018-06-28 12:52:49.000000 UTC
99-23,OPEN,OPN,14.9099,2019-05-01 09:41:55.000000 UTC
99-23,CARRY OPTICS,CO,12.8314,2019-05-01 09:43:26.000000 UTC
99-24,LIMITED 10,L10,12.276,2019-05-01 09:43:26.000000 UTC
99-24,OPEN,OPN,13.1394,2019-05-01 09:41:55.000000 UTC
99-24,SINGLE STACK,SS,10.7474,2018-06-28 12:52:49.000000 UTC
99-24,REVOLVER,REV,9.508,2018-06-28 12:52:49.000000 UTC
99-24,LIMITED,LTD,12.276,2018-06-28 12:52:49.000000 UTC
99-24,PRODUCTION,PROD,11.1856,2019-05-01 09:41:55.000000 UTC
99-24,CARRY OPTICS,CO,11.1856,2019-05-01 09:43:26.000000 UTC
99-24,PCC,PCC,14.4391,2022-03-01 21:41:39.000000 UTC
99-28,REVOLVER,REV,7.4486,2019-05-01 09:41:55.000000 UTC
99-28,LIMITED 10,L10,11.2482,2019-05-01 09:43:26.000000 UTC
99-28,LIMITED,LTD,11.2482,2019-05-01 09:41:55.000000 UTC
99-28,SINGLE STACK,SS,9.7539,2018-06-28 12:52:49.000000 UTC
99-28,CARRY OPTICS,CO,10.4252,2019-05-01 09:43:26.000000 UTC
99-28,PCC,PCC,11.3885,2022-03-01 21:41:24.000000 UTC
99-28,OPEN,OPN,12.3076,2019-05-01 09:41:55.000000 UTC
99-28,PRODUCTION,PROD,10.4252,2018-06-28 12:52:49.000000 UTC
99-33,OPEN,OPN,12.1703,2018-06-28 12:52:49.000000 UTC
99-33,LIMITED 10,L10,11.0382,2019-05-01 09:43:26.000000 UTC
99-33,LIMITED,LTD,11.0382,2018-06-28 12:52:49.000000 UTC
99-33,SINGLE STACK,SS,9.8835,2018-06-28 12:52:49.000000 UTC
99-33,CARRY OPTICS,CO,10.1368,2019-05-01 09:43:26.000000 UTC
99-33,PRODUCTION,PROD,10.1368,2018-06-28 12:52:49.000000 UTC
99-33,PCC,PCC,9.6493,2022-03-01 21:41:07.000000 UTC
99-33,REVOLVER,REV,7.9464,2018-06-28 12:52:49.000000 UTC
99-40,OPEN,OPN,115,2018-06-28 12:52:49.000000 UTC
99-40,LIMITED 10,L10,110.8,2019-05-01 09:43:26.000000 UTC
99-40,REVOLVER,REV,81.8,2019-05-01 09:41:55.000000 UTC
99-40,SINGLE STACK,SS,95.5,2018-06-28 12:52:49.000000 UTC
99-40,PCC,PCC,115.2,2019-05-01 09:41:55.000000 UTC
99-40,CARRY OPTICS,CO,101.5,2019-05-01 09:43:26.000000 UTC
99-40,PRODUCTION,PROD,101.5,2019-05-01 09:41:55.000000 UTC
99-40,LIMITED,LTD,110.8,2018-06-28 12:52:49.000000 UTC
99-41,LIMITED 10,L10,11.3441,2019-05-01 09:43:26.000000 UTC
99-41,OPEN,OPN,12.4859,2019-05-01 09:41:55.000000 UTC
99-41,SINGLE STACK,SS,10.4107,2018-06-28 12:52:49.000000 UTC
99-41,REVOLVER,REV,7.4352,2018-06-28 12:52:49.000000 UTC
99-41,LIMITED,LTD,11.3441,2018-06-28 12:52:49.000000 UTC
99-41,PCC,PCC,11.8719,2022-03-01 21:41:17.000000 UTC
99-41,CARRY OPTICS,CO,10.4171,2019-05-01 09:43:26.000000 UTC
99-41,PRODUCTION,PROD,10.4171,2018-06-28 12:52:49.000000 UTC
99-42,OPEN,OPN,12.1285,2018-06-28 12:52:49.000000 UTC
99-42,LIMITED 10,L10,10.3788,2019-05-01 09:43:26.000000 UTC
99-42,REVOLVER,REV,6.9426,2018-06-28 12:52:49.000000 UTC
99-42,SINGLE STACK,SS,9.1374,2019-05-01 09:41:55.000000 UTC
99-42,CARRY OPTICS,CO,8.8111,2022-03-01 21:40:08.000000 UTC
99-42,PRODUCTION,PROD,10.0336,2018-06-28 12:52:49.000000 UTC
99-42,PCC,PCC,9.2445,2018-06-28 12:52:49.000000 UTC
99-42,LIMITED,LTD,10.3788,2018-06-28 12:52:49.000000 UTC
99-46,LIMITED 10,L10,10.6073,2019-05-01 09:43:26.000000 UTC
99-46,OPEN,OPN,11.2567,2018-06-28 12:52:49.000000 UTC
99-46,REVOLVER,REV,7.7929,2018-06-28 12:52:49.000000 UTC
99-46,SINGLE STACK,SS,9.6481,2019-05-01 09:41:55.000000 UTC
99-46,LIMITED,LTD,10.6073,2018-06-28 12:52:49.000000 UTC
99-46,CARRY OPTICS,CO,9.4941,2019-05-01 09:43:26.000000 UTC
99-46,PRODUCTION,PROD,9.4941,2018-06-28 12:52:49.000000 UTC
99-46,PCC,PCC,11.9748,2022-03-01 21:41:13.000000 UTC
99-47,REVOLVER,REV,4.8062,2019-05-01 09:41:55.000000 UTC
99-47,LIMITED 10,L10,6.6302,2019-05-01 09:43:26.000000 UTC
99-47,OPEN,OPN,7.0758,2018-06-28 12:52:49.000000 UTC
99-47,SINGLE STACK,SS,5.6867,2019-05-01 09:41:55.000000 UTC
99-47,CARRY OPTICS,CO,5.759,2022-03-01 21:39:42.000000 UTC
99-47,PCC,PCC,8.7611,2022-03-01 21:40:29.000000 UTC
99-47,PRODUCTION,PROD,5.6805,2019-05-01 09:41:55.000000 UTC
99-47,LIMITED,LTD,6.6302,2018-06-28 12:52:49.000000 UTC
99-48,REVOLVER,REV,7.3996,2019-05-01 09:41:55.000000 UTC
99-48,SINGLE STACK,SS,9.4119,2018-06-28 12:52:49.000000 UTC
99-48,PCC,PCC,11.4504,2022-03-01 21:40:34.000000 UTC
99-48,LIMITED 10,L10,10.7965,2019-05-01 09:43:26.000000 UTC
99-48,OPEN,OPN,12.1392,2019-05-01 09:41:55.000000 UTC
99-48,PRODUCTION,PROD,10.2913,2018-06-28 12:52:49.000000 UTC
99-48,LIMITED,LTD,10.7965,2018-06-28 12:52:49.000000 UTC
99-48,CARRY OPTICS,CO,10.2913,2019-05-01 09:43:26.000000 UTC
99-51,OPEN,OPN,7.3958,2018-06-28 12:52:49.000000 UTC
99-51,PCC,PCC,7.3863,2019-05-01 09:41:55.000000 UTC
99-51,LIMITED 10,L10,6.8609,2019-05-01 09:43:26.000000 UTC
99-51,REVOLVER,REV,5.5165,2018-06-28 12:52:49.000000 UTC
99-51,LIMITED,LTD,6.8609,2018-06-28 12:52:49.000000 UTC
99-51,CARRY OPTICS,CO,6.0953,2019-05-01 09:43:26.000000 UTC
99-51,PRODUCTION,PROD,6.0953,2018-06-28 12:52:49.000000 UTC
99-51,SINGLE STACK,SS,6.2113,2019-05-01 09:41:55.000000 UTC
99-53,LIMITED,LTD,7.2682,2018-06-28 12:52:49.000000 UTC
99-53,SINGLE STACK,SS,6.8431,2018-06-28 12:52:49.000000 UTC
99-53,LIMITED 10,L10,7.2682,2019-05-01 09:43:26.000000 UTC
99-53,CARRY OPTICS,CO,7.0137,2019-05-01 09:43:26.000000 UTC
99-53,PRODUCTION,PROD,7.0137,2018-06-28 12:52:49.000000 UTC
99-53,PCC,PCC,6.8613,2022-03-01 21:40:16.000000 UTC
99-53,REVOLVER,REV,5.0346,2018-06-28 12:52:49.000000 UTC
99-53,OPEN,OPN,8.614,2018-06-28 12:52:49.000000 UTC
99-56,OPEN,OPN,9.7202,2018-06-28 12:52:49.000000 UTC
99-56,SINGLE STACK,SS,7.6682,2018-06-28 12:52:49.000000 UTC
99-56,REVOLVER,REV,6.7162,2018-06-28 12:52:49.000000 UTC
99-56,LIMITED 10,L10,9.0117,2019-05-01 09:43:26.000000 UTC
99-56,LIMITED,LTD,9.0117,2018-06-28 12:52:49.000000 UTC
99-56,PRODUCTION,PROD,8.1964,2018-06-28 12:52:49.000000 UTC
99-56,PCC,PCC,8.3771,2019-05-01 09:41:55.000000 UTC
99-56,CARRY OPTICS,CO,8.1964,2019-05-01 09:43:26.000000 UTC
99-57,OPEN,OPN,8.868,2018-06-28 12:52:49.000000 UTC
99-57,REVOLVER,REV,5.1138,2018-06-28 12:52:49.000000 UTC
99-57,LIMITED 10,L10,7.9192,2019-05-01 09:43:26.000000 UTC
99-57,SINGLE STACK,SS,6.7545,2018-06-28 12:52:49.000000 UTC
99-57,CARRY OPTICS,CO,7.4051,2022-03-01 21:38:58.000000 UTC
99-57,PRODUCTION,PROD,6.7622,2019-05-01 09:41:55.000000 UTC
99-57,LIMITED,LTD,7.9192,2018-06-28 12:52:49.000000 UTC
99-57,PCC,PCC,8.3106,2022-03-01 21:41:22.000000 UTC
99-59,OPEN,OPN,6.6933,2018-06-28 12:52:49.000000 UTC
99-59,SINGLE STACK,SS,4.9544,2018-06-28 12:52:49.000000 UTC
99-59,REVOLVER,REV,3.4384,2018-06-28 12:52:49.000000 UTC
99-59,LIMITED 10,L10,5.5803,2019-05-01 09:43:26.000000 UTC
99-59,CARRY OPTICS,CO,5.2466,2019-05-01 09:43:26.000000 UTC
99-59,PRODUCTION,PROD,5.2466,2018-06-28 12:52:49.000000 UTC
99-59,PCC,PCC,6.8799,2018-06-28 12:52:49.000000 UTC
99-59,LIMITED,LTD,5.5803,2018-06-28 12:52:49.000000 UTC
99-61,SINGLE STACK,SS,4.4542,2018-06-28 12:52:49.000000 UTC
99-61,OPEN,OPN,5.5709,2018-06-28 12:52:49.000000 UTC
99-61,REVOLVER,REV,3.8433,2018-06-28 12:52:49.000000 UTC
99-61,LIMITED 10,L10,4.9983,2019-05-01 09:43:26.000000 UTC
99-61,LIMITED,LTD,4.9983,2018-06-28 12:52:49.000000 UTC
99-61,CARRY OPTICS,CO,4.3435,2019-05-01 09:43:26.000000 UTC
99-61,PCC,PCC,5.4603,2022-03-01 21:41:28.000000 UTC
99-61,PRODUCTION,PROD,4.3435,2019-05-01 09:41:55.000000 UTC
99-62,LIMITED 10,L10,13.3115,2019-05-01 09:43:26.000000 UTC
99-62,REVOLVER,REV,10.6733,2018-06-28 12:52:49.000000 UTC
99-62,SINGLE STACK,SS,12.2784,2018-06-28 12:52:49.000000 UTC
99-62,PRODUCTION,PROD,12.5622,2018-06-28 12:52:49.000000 UTC
99-62,LIMITED,LTD,13.3115,2019-05-01 09:41:55.000000 UTC
99-62,PCC,PCC,16.6102,2022-03-01 21:41:30.000000 UTC
99-62,OPEN,OPN,14.5696,2018-06-28 12:52:49.000000 UTC
99-62,CARRY OPTICS,CO,12.7237,2022-03-01 21:39:46.000000 UTC
99-63,OPEN,OPN,7.4114,2018-06-28 12:52:49.000000 UTC
99-63,LIMITED,LTD,5.6676,2018-06-28 12:52:49.000000 UTC
99-63,SINGLE STACK,SS,4.6262,2019-05-01 09:41:55.000000 UTC
99-63,CARRY OPTICS,CO,5.2318,2019-05-01 09:43:26.000000 UTC
99-63,PRODUCTION,PROD,5.2318,2019-05-01 09:41:55.000000 UTC
99-63,PCC,PCC,7.8171,2022-03-01 21:40:14.000000 UTC
99-63,LIMITED 10,L10,5.6676,2019-05-01 09:43:26.000000 UTC
99-63,REVOLVER,REV,3.6304,2019-05-01 09:41:55.000000 UTC
22-01,OPEN,OPN,9.34,2022-12-11 00:00:00.000000 UTC
22-01,LIMITED,LTD,8.4942,2022-12-11 00:00:00.000000 UTC
22-01,SINGLE STACK,SS,7.8926,2022-12-11 00:00:00.000000 UTC
22-01,CARRY OPTICS,CO,8.6663,2022-12-11 00:00:00.000000 UTC
22-01,PRODUCTION,PROD,7.7656,2022-12-11 00:00:00.000000 UTC
22-01,PCC,PCC,9.052,2022-12-11 00:00:00.000000 UTC
22-01,LIMITED 10,L10,7.5402,2022-12-11 00:00:00.000000 UTC
22-01,REVOLVER,REV,6.271,2022-12-11 00:00:00.000000 UTC
22-02,OPEN,OPN,8.6822,2022-12-11 00:00:00.000000 UTC
22-02,LIMITED,LTD,8,2022-12-11 00:00:00.000000 UTC
22-02,SINGLE STACK,SS,7.6899,2022-12-11 00:00:00.000000 UTC
22-02,CARRY OPTICS,CO,8,2022-12-11 00:00:00.000000 UTC
22-02,PRODUCTION,PROD,7.25,2022-12-11 00:00:00.000000 UTC
22-02,PCC,PCC,8.6137,2022-12-11 00:00:00.000000 UTC
22-02,LIMITED 10,L10,7.4174,2022-12-11 00:00:00.000000 UTC
22-02,REVOLVER,REV,6.0784,2022-12-11 00:00:00.000000 UTC
22-04,OPEN,OPN,11.3231,2022-12-11 00:00:00.000000 UTC
22-04,LIMITED,LTD,10.5,2022-12-11 00:00:00.000000 UTC
22-04,SINGLE STACK,SS,10.2434,2022-12-11 00:00:00.000000 UTC
22-04,CARRY OPTICS,CO,10.75,2022-12-11 00:00:00.000000 UTC
22-04,PRODUCTION,PROD,9.75,2022-12-11 00:00:00.000000 UTC
22-04,PCC,PCC,10.6399,2022-12-11 00:00:00.000000 UTC
22-04,LIMITED 10,L10,10.044,2022-12-11 00:00:00.000000 UTC
22-04,REVOLVER,REV,7.8844,2022-12-11 00:00:00.000000 UTC
22-05,OPEN,OPN,104,2022-12-11 00:00:00.000000 UTC
22-05,LIMITED,LTD,98,2022-12-11 00:00:00.000000 UTC
22-05,SINGLE STACK,SS,96,2022-12-11 00:00:00.000000 UTC
22-05,CARRY OPTICS,CO,100,2022-12-11 00:00:00.000000 UTC
22-05,PRODUCTION,PROD,95,2022-12-11 00:00:00.000000 UTC
22-05,PCC,PCC,106,2022-12-11 00:00:00.000000 UTC
22-05,LIMITED 10,L10,98,2022-12-11 00:00:00.000000 UTC
22-05,REVOLVER,REV,78,2022-12-11 00:00:00.000000 UTC
22-06,OPEN,OPN,13.5458,2022-12-11 00:00:00.000000 UTC
22-06,LIMITED,LTD,12.0534,2022-12-11 00:00:00.000000 UTC
22-06,SINGLE STACK,SS,12.3,2022-12-11 00:00:00.000000 UTC
22-06,CARRY OPTICS,CO,12.5,2022-12-11 00:00:00.000000 UTC
22-06,PRODUCTION,PROD,12.0534,2022-12-11 00:00:00.000000 UTC
22-06,PCC,PCC,16.4382,2022-12-11 00:00:00.000000 UTC
22-06,LIMITED 10,L10,12.0534,2022-12-11 00:00:00.000000 UTC
22-06,REVOLVER,REV,10.8,2022-12-11 00:00:00.000000 UTC
22-07,OPEN,OPN,10.3344,2022-12-11 00:00:00.000000 UTC
22-07,LIMITED,LTD,9.3456,2022-12-11 00:00:00.000000 UTC
22-07,SINGLE STACK,SS,7.157,2022-12-11 00:00:00.000000 UTC
22-07,CARRY OPTICS,CO,9.714,2022-12-11 00:00:00.000000 UTC
22-07,PRODUCTION,PROD,8.6042,2022-12-11 00:00:00.000000 UTC
22-07,PCC,PCC,9.5071,2022-12-11 00:00:00.000000 UTC
22-07,LIMITED 10,L10,9.5071,2022-12-11 00:00:00.000000 UTC
22-07,REVOLVER,REV,6.8,2022-12-11 00:00:00.000000 UTC
